{
  "posts": [
    {
      "id": 1,
      "title": "Welcome Title One ",
      "body": "Lorem ipsum dolor sit amet,",
      "tags": ["WebDev", "code"]
    },
    {
      "id": 2,
      "title": "Welcome Title Tow",
      "body": "Donec at ex nulla. Aenean sem tortor, bibendum ac accumsan vel",
      "tags": ["WebDev", "code", "css"]
    },
    {
      "id": 3,
      "title": "Welcome Title Three",
      "body": "Fusce in imperdiet nisi. Vestibulum eu dui dictum, ornare est non",
      "tags": ["WebDev", "code", "html"]
    }
  ],

  "comments": [
    { "id": 1, "body": "Comment 1" },
    { "id": 2, "body": "Comment 2" },
    { "id": 3, "body": "Comment 3" },
    { "id": 4, "body": "Comment 4" },
    { "id": 5, "body": "Comment 5" }
  ]
}
